Max Temp,Cloudiness,Humidity,Country,Wind Speed,Lng,City,Lat,Date,parsed_time
50,90,81,AR,28.86,-68.3,Ushuaia,-54.8,1580002384,2020-01-26 01:33:04
43,75,60,JP,2.24,139,Tochio,37.47,1580002385,2020-01-26 01:33:05
79.77,100,82,NC,21.39,164.02,Poum,-20.23,1580002386,2020-01-26 01:33:06
66.49,57,52,NZ,8.52,168.33,Bluff,-46.6,1580002387,2020-01-26 01:33:07
79.11,0,77,PF,10.22,-134.97,Rikitea,-23.12,1580002388,2020-01-26 01:33:08
70.99,100,98,CG,1.3,12.73,Mossendjo,-2.95,1580002389,2020-01-26 01:33:09
59,90,66,US,10.29,-95.58,Lamar,33.67,1580002391,2020-01-26 01:33:11
87.01,23,65,AU,19.46,153.1,Sawtell,-30.38,1580002392,2020-01-26 01:33:12
80.6,75,94,MY,1.68,115.75,Beaufort,5.35,1580002393,2020-01-26 01:33:13
36,90,97,US,3.36,-79.24,Jamestown,42.1,1580002394,2020-01-26 01:33:14
31.82,100,68,NO,26.13,13.5,Gravdal,68.12,1580002395,2020-01-26 01:33:15
84.2,100,83,CK,11.41,-159.78,Avarua,-21.21,1580002396,2020-01-26 01:33:16
59,40,93,HK,16.11,114.16,Hong Kong,22.29,1580002380,2020-01-26 01:33:00
50,75,66,CL,23.04,-70.92,Punta Arenas,-53.15,1580002398,2020-01-26 01:33:18
85.51,100,72,KI,9.89,172.79,Butaritari,3.07,1580002400,2020-01-26 01:33:20
66.2,0,55,AR,11.41,-57.56,Mar del Plata,-38,1580002140,2020-01-26 01:29:00
84.47,5,73,MY,4.34,118.33,Lahad Datu,5.03,1580002402,2020-01-26 01:33:22
-17.93,100,96,RU,2.71,161.3,Cherskiy,68.75,1580002403,2020-01-26 01:33:23
82.4,20,78,TO,4.7,-173.98,Neiafu,-18.65,1580002404,2020-01-26 01:33:24
73.56,98,51,IN,0.89,78.88,Vemalwada,18.47,1580002405,2020-01-26 01:33:25
48,75,75,JP,3.36,135.8,Nara,34.69,1580002406,2020-01-26 01:33:26
80.01,88,70,LK,14.27,81.82,Kalmunai,7.42,1580002407,2020-01-26 01:33:27
-22.23,100,86,RU,5.99,147.92,Chokurdakh,70.63,1580002408,2020-01-26 01:33:28
44.6,90,81,US,23.04,-135.33,Sitka,57.05,1580002384,2020-01-26 01:33:04
60.01,75,93,ZA,9.17,18.42,Cape Town,-33.93,1580002411,2020-01-26 01:33:31
80.6,40,74,US,10.29,-159.32,Kapaa,22.08,1580002188,2020-01-26 01:29:48
45,100,93,GB,11.41,-0.64,Grantham,52.91,1580002413,2020-01-26 01:33:33
41,75,86,JP,5.82,140.3,Katsuura,35.13,1580002414,2020-01-26 01:33:34
80.87,70,78,PF,15.28,-139.03,Atuona,-9.8,1580002193,2020-01-26 01:29:53
77.65,64,58,NZ,0.58,168.86,Mataura,-46.19,1580002416,2020-01-26 01:33:36
3.2,75,84,RU,11.18,88.4,Talnakh,69.49,1580002418,2020-01-26 01:33:38
76.39,0,74,TC,12.33,-71.14,Cockburn Town,21.46,1580002419,2020-01-26 01:33:39
50,20,93,PT,3.36,-8.33,Lata,40.16,1580002420,2020-01-26 01:33:40
28.4,100,74,GL,28.86,-37.64,Tasiilaq,65.61,1580002421,2020-01-26 01:33:41
77.61,69,67,VE,1.12,-67.62,Puerto Ayacucho,5.66,1580002422,2020-01-26 01:33:42
-0.4,7,59,SJ,3.36,15.64,Longyearbyen,78.22,1580002423,2020-01-26 01:33:43
65.59,3,80,UY,5.46,-53.46,Chui,-33.7,1580002217,2020-01-26 01:30:17
80.6,90,88,TO,12.75,-175.2,Vaini,-21.2,1580002425,2020-01-26 01:33:45
71.01,90,100,MX,5.82,-105.2,Ixtapa,20.7,1580002426,2020-01-26 01:33:46
26.04,0,73,CA,8.97,-55.15,Marystown,47.17,1580002428,2020-01-26 01:33:48
60.8,83,87,ZA,11.41,17.94,Saldanha,-33.01,1580002429,2020-01-26 01:33:49
1.87,100,98,RU,10.38,39.51,Ostrovnoy,68.05,1580002430,2020-01-26 01:33:50
57.2,40,87,PT,3.36,-25.43,Vila Franca do Campo,37.72,1580002432,2020-01-26 01:33:52
81,0,61,AU,1.99,148.68,Cowra,-33.83,1580002433,2020-01-26 01:33:53
45,100,100,NO,24.16,5.14,Raudeberg,61.99,1580002434,2020-01-26 01:33:54
85.62,0,71,AU,9.53,116.85,Karratha,-20.74,1580002261,2020-01-26 01:31:01
70,40,77,MX,3.36,-109.91,Cabo San Lucas,22.89,1580002369,2020-01-26 01:32:49
39.99,90,93,US,9.17,-73.97,Albany,42.6,1580002187,2020-01-26 01:29:47
77.85,92,80,SO,16.26,48.53,Hobyo,5.35,1580002185,2020-01-26 01:29:45
-20.2,90,75,US,10.29,-156.79,Barrow,71.29,1580002440,2020-01-26 01:34:00
-12.55,98,96,RU,4.12,178.42,Leningradskiy,69.38,1580002441,2020-01-26 01:34:01
53.29,0,68,IN,4.23,80.47,Maholi,27.67,1580002442,2020-01-26 01:34:02
80.6,20,78,MY,3.36,100.34,George Town,5.41,1580002443,2020-01-26 01:34:03
89.01,75,74,AU,11.41,152.35,Bundaberg,-24.85,1580002344,2020-01-26 01:32:24
32.88,55,58,CN,2.26,105.89,Beidao,34.57,1580002445,2020-01-26 01:34:05
39.2,90,60,US,10.29,-105.84,Miles City,46.41,1580002447,2020-01-26 01:34:07
46.4,90,81,CA,20.8,-127.42,Port Hardy,50.7,1580002184,2020-01-26 01:29:44
66.99,80,98,ZA,8.01,26.89,Port Alfred,-33.59,1580002449,2020-01-26 01:34:09
48.2,40,87,SA,4.7,42.45,Faya,18.39,1580002450,2020-01-26 01:34:10
62.6,20,88,CL,5.82,-71.45,Quilpue,-33.05,1580002451,2020-01-26 01:34:11
75,28,60,AU,3,115.33,Busselton,-33.65,1580002184,2020-01-26 01:29:44
43,90,93,GB,9.17,-0.19,Bridlington,54.08,1580002454,2020-01-26 01:34:14
42.8,0,60,SA,14.99,46.72,Riyadh,24.69,1580002196,2020-01-26 01:29:56
81.36,100,79,MV,14.92,72.89,Kudahuvadhoo,2.67,1580002457,2020-01-26 01:34:17
37,100,90,EE,14,22.75,Kaerdla,59,1580002458,2020-01-26 01:34:18
32,0,85,RO,2.24,26.43,Dumbrava Rosie,46.88,1580002459,2020-01-26 01:34:19
84.15,31,73,PH,5.21,122.67,Dingle,11,1580002460,2020-01-26 01:34:20
70.07,100,98,GY,2.35,-59.78,Mabaruma,8.2,1580002461,2020-01-26 01:34:21
80.6,90,57,US,4.7,-155.09,Hilo,19.73,1580002462,2020-01-26 01:34:22
35.01,100,91,CA,3,-81.72,Goderich,43.75,1580002463,2020-01-26 01:34:23
86.38,0,63,ID,1.19,98.78,Sibolga,1.74,1580002464,2020-01-26 01:34:24
81,6,74,PH,4.97,126.58,Baculin,7.45,1580002466,2020-01-26 01:34:26
86,40,62,BR,5.48,-39.72,Exu,-7.51,1580002467,2020-01-26 01:34:27
80.6,20,74,MX,6.38,-96.47,Pochutla,15.74,1580002468,2020-01-26 01:34:28
18.86,100,92,RU,40.24,156.12,Severo-Kuril'sk,50.68,1580002469,2020-01-26 01:34:29
62.01,0,95,NA,2.66,14.28,Henties Bay,-22.12,1580002470,2020-01-26 01:34:30
-14.24,100,94,GL,7.61,-56.15,Upernavik,72.79,1580002471,2020-01-26 01:34:31
72,75,56,AU,11.41,147.33,Hobart,-42.88,1580002351,2020-01-26 01:32:31
30.2,90,100,FI,6.93,22.42,Kurikka,62.58,1580002473,2020-01-26 01:34:33
77,40,78,MU,14.99,57.7,Mahebourg,-20.41,1580002475,2020-01-26 01:34:35
62.6,76,82,CL,3.36,-73.82,Ancud,-41.87,1580002476,2020-01-26 01:34:36
79.09,100,84,BR,19.69,-39.25,Caravelas,-17.71,1580002205,2020-01-26 01:30:05
61.63,0,93,BR,2.84,-50.01,Castro,-24.79,1580002446,2020-01-26 01:34:06
78.8,75,78,EC,8.05,-90.35,Puerto Ayora,-0.74,1580002480,2020-01-26 01:34:40
42.8,90,93,CN,2.24,110.03,Baoning,25.34,1580002481,2020-01-26 01:34:41
15.8,90,92,CA,4.56,-97.86,Thompson,55.74,1580002482,2020-01-26 01:34:42
27.9,100,97,CA,2.04,-101.36,Roblin,51.23,1580002225,2020-01-26 01:30:25
83.16,62,72,PF,8.79,-151.75,Faanui,-16.48,1580002485,2020-01-26 01:34:45
75.2,75,88,JP,11.41,125.28,Hirara,24.8,1580002214,2020-01-26 01:30:14
88,40,74,AU,9.17,145.43,Mareeba,-17,1580002487,2020-01-26 01:34:47
62.01,1,77,US,4.7,-119.7,Santa Barbara,34.42,1580002423,2020-01-26 01:33:43
66.99,0,64,NZ,24.14,170.5,Dunedin,-45.87,1580002427,2020-01-26 01:33:47
78.8,75,78,MX,6.93,-104.7,San Patricio,19.22,1580002490,2020-01-26 01:34:50
68.79,100,92,BR,5.5,-46.91,Unai,-16.36,1580002491,2020-01-26 01:34:51
42.01,0,13,MX,5.99,-115.95,San Quintin,30.48,1580002492,2020-01-26 01:34:52
34,90,100,US,5.82,-84.53,Hamilton,39.18,1580002422,2020-01-26 01:33:42
75.99,20,83,PE,19.46,-76.22,Pisco,-13.7,1580002495,2020-01-26 01:34:55
60.98,15,32,IN,2.51,84.52,Simdega,22.62,1580002496,2020-01-26 01:34:56
62.6,68,72,ZA,9.17,20.04,Bredasdorp,-34.53,1580002225,2020-01-26 01:30:25
46.99,90,100,FR,4.7,-3.92,Concarneau,47.88,1580002500,2020-01-26 01:35:00
-9.44,100,96,RU,0.45,170.31,Pevek,69.7,1580002247,2020-01-26 01:30:47
28.69,100,95,KZ,21.34,58.14,Emba,48.83,1580002503,2020-01-26 01:35:03
67.64,100,92,AO,5.68,20.78,Lumeje,-11.55,1580002505,2020-01-26 01:35:05
49.59,98,85,CN,5.82,110.83,Jinji,23.23,1580002506,2020-01-26 01:35:06
75.2,95,53,AU,6.93,121.9,Esperance,-33.87,1580002507,2020-01-26 01:35:07
67.26,0,17,GN,1.21,-10.1,Kissidougou,9.18,1580002508,2020-01-26 01:35:08
80.6,75,78,VU,6.93,169.27,Isangel,-19.55,1580002509,2020-01-26 01:35:09
66.2,33,82,BR,5.82,-45.49,Caraguatatuba,-23.63,1580002510,2020-01-26 01:35:10
72,75,56,AU,11.41,147.06,New Norfolk,-42.78,1580002511,2020-01-26 01:35:11
-36.72,100,98,RU,3.04,143.2,Ust-Nera,64.57,1580002512,2020-01-26 01:35:12
69.3,5,26,NG,6.2,4.42,Wawa,9.9,1580002513,2020-01-26 01:35:13
24.01,79,84,NO,10.29,17.98,Finnsnes,69.23,1580002515,2020-01-26 01:35:15
70.66,89,64,NG,0.47,6.26,Yenagoa,4.92,1580002516,2020-01-26 01:35:16
65.64,98,51,NZ,4.76,167.68,Tuatapere,-46.13,1580002517,2020-01-26 01:35:17
74.64,2,48,IN,8.37,77.28,Adoni,15.63,1580002518,2020-01-26 01:35:18
37.67,100,85,CN,6.42,111.43,Lengshuijiang,27.69,1580002519,2020-01-26 01:35:19
50,90,100,US,10.47,-73.36,Westport,41.14,1580002520,2020-01-26 01:35:20
-23.94,22,96,RU,2.64,102.5,Khatanga,71.97,1580002521,2020-01-26 01:35:21
30.99,40,79,RU,4.47,30.79,Nikolskoye,59.7,1580002522,2020-01-26 01:35:22
87.8,99,62,VE,9.17,-63.86,La Asuncion,11.03,1580002523,2020-01-26 01:35:23
68,75,94,ZA,17.22,25.57,Port Elizabeth,-33.92,1580002513,2020-01-26 01:35:13
46.99,90,75,US,12.75,-74.36,Brigantine,39.41,1580002526,2020-01-26 01:35:26
63,75,87,US,10.29,-121.92,Pacific Grove,36.62,1580002252,2020-01-26 01:30:52
35.6,75,85,RU,11.18,40.05,Almaznyy,48.04,1580002530,2020-01-26 01:35:30
33.01,93,96,LV,5.01,25.05,Mazsalaca,57.86,1580002531,2020-01-26 01:35:31
37.4,75,55,IR,6.93,54.02,Meybod,32.25,1580002532,2020-01-26 01:35:32
79.56,53,80,BR,8.12,-36.83,Girau do Ponciano,-9.88,1580002534,2020-01-26 01:35:34
61,90,93,US,3.36,-98.03,Hays,30.05,1580002510,2020-01-26 01:35:10
73.4,75,78,RE,9.17,55.77,Saint-Philippe,-21.36,1580002536,2020-01-26 01:35:36
-13,90,75,CA,23.04,-133.04,Tuktoyaktuk,69.45,1580002537,2020-01-26 01:35:37
75.7,100,93,EC,6.02,-79.62,Velasco Ibarra,-1.05,1580002538,2020-01-26 01:35:38
10.4,90,85,CA,6.93,-114.35,Yellowknife,62.46,1580002539,2020-01-26 01:35:39
19.99,5,78,CA,13.87,-52.73,Torbay,47.67,1580002513,2020-01-26 01:35:13
46.4,100,100,GB,13.87,1.39,Margate,51.38,1580002541,2020-01-26 01:35:41
42.8,75,87,JP,18.34,138.95,Shimoda,34.67,1580002545,2020-01-26 01:35:45
89.6,40,70,KI,4.7,172.98,Bairiki Village,1.33,1580002546,2020-01-26 01:35:46
57.99,100,100,MT,8.05,14.54,Marsaxlokk,35.84,1580002547,2020-01-26 01:35:47
48.99,20,93,IT,2.24,16.18,Vieste,41.88,1580002549,2020-01-26 01:35:49
-28.1,0,67,RU,5.19,128.87,Tiksi,71.69,1580002414,2020-01-26 01:33:34
23.34,100,75,GL,16.98,-45.24,Nanortalik,60.14,1580002553,2020-01-26 01:35:53
59,1,82,US,4.7,-121.42,Laguna,38.42,1580002554,2020-01-26 01:35:54
9.25,15,93,RU,5.57,34.32,Segezha,63.74,1580002555,2020-01-26 01:35:55
82.02,100,65,MV,4.36,73.1,Dhidhdhoo,6.88,1580002556,2020-01-26 01:35:56
-5.44,0,69,RU,3.4,-173.3,Provideniya,64.38,1580002557,2020-01-26 01:35:57
59,75,93,CN,17.22,113.57,Zhuhai,22.28,1580002558,2020-01-26 01:35:58
64,0,64,AR,4,-58.74,Necochea,-38.55,1580002446,2020-01-26 01:34:06
75.31,0,49,PY,2.89,-57.87,Fuerte Olimpo,-21.04,1580002560,2020-01-26 01:36:00
22.91,0,66,CN,4.18,109.98,Dongsheng,39.82,1580002561,2020-01-26 01:36:01
-9,1,74,US,6.04,-147.72,Fairbanks,64.84,1580002450,2020-01-26 01:34:10
62.11,0,78,MX,9.37,-114.06,Guerrero Negro,27.98,1580002564,2020-01-26 01:36:04
53.01,100,93,CN,14.23,121.66,Huilong,31.81,1580002565,2020-01-26 01:36:05
-34.04,0,95,RU,2.84,131.17,Borogontsy,62.67,1580002566,2020-01-26 01:36:06
72.14,100,82,CD,1.52,26.67,Kampene,-3.6,1580002567,2020-01-26 01:36:07
21.2,71,62,CN,6.71,75.98,Kashgar,39.45,1580002569,2020-01-26 01:36:09
63,1,87,US,4.7,-117,La Presa,32.71,1580002281,2020-01-26 01:31:21
73.99,0,84,SV,9.13,-89.83,Acajutla,13.59,1580002571,2020-01-26 01:36:11
83.39,61,82,PG,16.02,141.3,Vanimo,-2.67,1580002574,2020-01-26 01:36:14
21.74,100,95,RU,5.84,51.17,Krotovka,53.29,1580002575,2020-01-26 01:36:15
77,40,78,MU,14.99,57.76,Bambous Virieux,-20.34,1580002495,2020-01-26 01:34:55
80.6,0,57,CR,4.7,-85.45,Nicoya,10.15,1580002577,2020-01-26 01:36:17
73.94,21,63,CV,18.75,-24.5,Sao Filipe,14.9,1580002578,2020-01-26 01:36:18
63.37,100,79,NZ,7.38,167.72,Te Anau,-45.42,1580002539,2020-01-26 01:35:39
77,75,83,BB,6.93,-59.52,Bathsheba,13.22,1580002580,2020-01-26 01:36:20
62.6,20,63,ES,4.7,-17.92,Los Llanos de Aridane,28.66,1580002581,2020-01-26 01:36:21
47.66,100,98,CN,5.66,117.62,Sanming,26.25,1580002583,2020-01-26 01:36:23
61.7,0,56,IN,5.19,88.77,Haldibari,26.33,1580002584,2020-01-26 01:36:24
46,75,86,US,7.94,-76.45,Lexington Park,38.27,1580002585,2020-01-26 01:36:25
68.27,43,14,CI,1.5,-2.8,Bondoukou,8.03,1580002586,2020-01-26 01:36:26
20.57,0,61,CN,1.07,97.2,Yumen,40.28,1580002587,2020-01-26 01:36:27
57.99,83,97,ZA,13,19.23,Hermanus,-34.42,1580002588,2020-01-26 01:36:28
24.8,90,100,RU,2.24,50.11,Alekseyevskoye,55.31,1580002589,2020-01-26 01:36:29
36,100,80,CN,8.95,119.98,Yinzhu,35.88,1580002591,2020-01-26 01:36:31
76.26,77,72,CO,0.78,-73.78,La Macarena,2.18,1580002592,2020-01-26 01:36:32
-13,90,69,CA,19.46,-135.01,Aklavik,68.22,1580002593,2020-01-26 01:36:33
44.01,76,63,CN,5.32,102.26,Xichang,27.9,1580002594,2020-01-26 01:36:34
15.31,0,46,CN,1.63,86.15,Korla,41.76,1580002595,2020-01-26 01:36:35
17.6,90,85,CA,5.82,-101.86,Flin Flon,54.77,1580002596,2020-01-26 01:36:36
76.28,100,89,MG,3.74,49.05,Ambilobe,-13.2,1580002543,2020-01-26 01:35:43
84.2,1,51,US,20.8,-156.47,Kihei,20.79,1580002598,2020-01-26 01:36:38
57.07,0,19,CM,8.28,15.23,Yagoua,10.34,1580002599,2020-01-26 01:36:39
75.16,0,82,BR,6.76,-42.03,Arraial do Cabo,-22.97,1580002601,2020-01-26 01:36:41
78.28,52,81,SO,20.22,50.81,Bandarbeyla,9.49,1580002604,2020-01-26 01:36:44
75.56,74,68,BR,14.32,-50.21,Cidreira,-30.18,1580002549,2020-01-26 01:35:49
60.89,7,61,YE,9.31,46.47,Marzuq,14.4,1580002607,2020-01-26 01:36:47
32.81,100,87,RU,30.65,163.07,Ossora,59.24,1580002608,2020-01-26 01:36:48
34,90,85,CN,2.84,103.79,Lanzhou,36.06,1580002527,2020-01-26 01:35:27
87.8,20,62,PF,14.99,-149.15,Tautira,-17.73,1580002611,2020-01-26 01:36:51
37.99,100,69,SE,10.29,14.64,OEstersund,63.18,1580002612,2020-01-26 01:36:52
77,20,100,LR,5.79,-10.8,Monrovia,6.3,1580002613,2020-01-26 01:36:53
39.6,0,42,SD,5.14,24.67,Kutum,14.2,1580002614,2020-01-26 01:36:54
68,0,82,NA,10.29,15.16,Luderitz,-26.65,1580002615,2020-01-26 01:36:55
73.87,94,75,PE,5.97,-78.58,Chimbote,-9.09,1580002559,2020-01-26 01:35:59
39.88,0,61,CN,3.83,107.03,Hanzhong,33.07,1580002617,2020-01-26 01:36:57
73.42,100,99,BR,2.82,-52,Amapa,1,1580002542,2020-01-26 01:35:42
72.57,36,79,SO,6.62,48.48,Garoowe,8.41,1580002619,2020-01-26 01:36:59
50.99,43,46,LY,9.4,21.55,Jalu,29.03,1580002608,2020-01-26 01:36:48
-13,1,69,US,3.36,-165.41,Nome,64.5,1580002432,2020-01-26 01:33:52
61.56,100,78,AU,20.42,141.97,Codrington,-38.27,1580002623,2020-01-26 01:37:03
18.21,100,76,NO,20.45,27.85,Mehamn,71.04,1580002624,2020-01-26 01:37:04
46.4,90,100,US,10.02,-76.51,Mayo,38.89,1580002597,2020-01-26 01:36:37
55.06,0,26,NG,8.66,10.19,Azare,11.68,1580002626,2020-01-26 01:37:06
78.8,40,88,MY,2.24,103.14,Kuala Terengganu,5.33,1580002428,2020-01-26 01:33:48
80.46,91,78,NC,16.35,164.7,Voh,-20.97,1580002628,2020-01-26 01:37:08
75.9,100,94,BR,2.84,-39.58,Itapipoca,-3.49,1580002629,2020-01-26 01:37:09
57.2,40,87,PT,3.36,-25.67,Ponta Delgada,37.73,1580002632,2020-01-26 01:37:12
45,0,87,PS,3.36,34.47,Gaza,31.5,1580002633,2020-01-26 01:37:13
77.86,92,70,GW,7.76,-15.83,Bubaque,11.28,1580002611,2020-01-26 01:36:51
-8.99,83,100,RU,3.53,70.83,Yar-Sale,66.83,1580002635,2020-01-26 01:37:15
68,75,94,TZ,0.45,36.68,Arusha,-3.37,1580002636,2020-01-26 01:37:16
76.68,0,31,AR,5.88,-59.31,Gualeguay,-33.14,1580002637,2020-01-26 01:37:17
28.4,90,100,IS,10.29,-17.34,Husavik,66.04,1580002401,2020-01-26 01:33:21
80.6,20,78,AO,4.7,13.23,Luanda,-8.84,1580002557,2020-01-26 01:35:57
80.01,0,69,AR,11.41,-58.62,Moron,-34.65,1580002433,2020-01-26 01:33:53
-2.2,100,91,FI,4.7,25.72,Rovaniemi,66.5,1580002642,2020-01-26 01:37:22
66.99,5,64,NZ,10.45,169.85,Kaitangata,-46.28,1580002589,2020-01-26 01:36:29
14,96,66,GL,3.36,-46.05,Narsaq,60.92,1580002644,2020-01-26 01:37:24
33.8,1,59,US,5.82,-105.57,Taos,36.41,1580002645,2020-01-26 01:37:25
58.17,0,16,NE,14.2,8.89,Tanout,14.97,1580002647,2020-01-26 01:37:27
25.23,53,89,RU,5.44,32.34,Volkhov,59.93,1580002648,2020-01-26 01:37:28
31.23,77,82,IS,15.55,-23.71,Olafsvik,64.89,1580002649,2020-01-26 01:37:29
84.2,40,79,BR,6.93,-34.86,Olinda,-8.01,1580002651,2020-01-26 01:37:31
53.6,20,46,AR,23.04,-69.22,Rio Gallegos,-51.62,1580002433,2020-01-26 01:33:53
83.55,29,78,ID,2.04,118.97,Majene,-3.54,1580002653,2020-01-26 01:37:33
-12.8,100,98,RU,3.15,52.15,Ust-Tsilma,65.44,1580002654,2020-01-26 01:37:34
37.4,90,86,UZ,2.24,71.72,Yangi Marg`ilon,40.43,1580002655,2020-01-26 01:37:35
70.88,91,84,DO,1.23,-69.85,Nagua,19.38,1580002656,2020-01-26 01:37:36
75.2,75,94,GF,2.24,-52.33,Cayenne,4.93,1580002658,2020-01-26 01:37:38
74.41,100,86,PE,9.78,-80.82,Sechura,-5.56,1580002659,2020-01-26 01:37:39
86,75,78,PH,3.36,120.03,Panan,15.21,1580002661,2020-01-26 01:37:41
39.43,0,75,PK,3.2,66.45,Chaman,30.92,1580002662,2020-01-26 01:37:42
88.59,100,49,AU,11.54,148.88,Blackwater,-23.58,1580002663,2020-01-26 01:37:43
8.6,92,42,GL,11.41,-51.1,Ilulissat,69.22,1580002664,2020-01-26 01:37:44
4.08,100,94,GL,5.99,-53.67,Sisimiut,66.94,1580002532,2020-01-26 01:35:32
86,73,28,AR,14.99,-67.58,General Roca,-39.03,1580002666,2020-01-26 01:37:46
77,15,69,AU,12.75,114.6,Geraldton,-28.77,1580002588,2020-01-26 01:36:28
73.4,33,83,BR,1.12,-48.67,Imbituba,-28.24,1580002618,2020-01-26 01:36:58
86,40,62,AU,12.75,150.73,Yeppoon,-23.13,1580002607,2020-01-26 01:36:47
82.2,48,63,TL,3.29,125.41,Airai,-8.93,1580002670,2020-01-26 01:37:50
60.55,0,37,MM,2.46,97.75,Lashio,22.93,1580002672,2020-01-26 01:37:52
80.6,13,69,AU,19.46,113.63,Carnarvon,-24.87,1580002673,2020-01-26 01:37:53
63.9,100,96,TZ,3.78,34.7,Mugumu,-1.85,1580002674,2020-01-26 01:37:54
24.26,100,70,NO,32.32,31.11,Vardo,70.37,1580002675,2020-01-26 01:37:55
73.99,100,23,MR,10.58,-10.07,Adrar,20.5,1580002676,2020-01-26 01:37:56
69.57,100,74,UG,1.23,31.77,Kiboga,0.92,1580002677,2020-01-26 01:37:57
82.49,100,77,MV,9.75,73.08,Hithadhoo,-0.6,1580002493,2020-01-26 01:34:53
62.01,67,61,CL,0.83,-71.17,Illapel,-31.63,1580002680,2020-01-26 01:38:00
-12.03,55,43,GL,4.43,-69.36,Qaanaaq,77.48,1580002516,2020-01-26 01:35:16
18.03,100,90,RU,9.35,86.55,Karagaylinskiy,54.17,1580002684,2020-01-26 01:38:04
77.09,0,28,AR,2.57,-68.33,San Rafael,-34.62,1580002452,2020-01-26 01:34:12
48.99,90,100,US,6.91,-73.41,Bethel,41.37,1580002414,2020-01-26 01:33:34
-5.84,100,95,RU,5.39,80.55,Dikson,73.51,1580002687,2020-01-26 01:38:07
14,75,78,RU,15.66,73.22,Krutaya Gorka,55.36,1580002688,2020-01-26 01:38:08
-8.14,16,95,RU,6.51,128.46,Belogorsk,50.92,1580002689,2020-01-26 01:38:09
80.6,75,83,BR,4.7,-35.46,Touros,-5.2,1580002690,2020-01-26 01:38:10
48,100,99,CN,4.43,120.23,Wuning,29.26,1580002692,2020-01-26 01:38:12
39,15,64,PK,1.92,70.74,Doaba,33.42,1580002693,2020-01-26 01:38:13
62.6,1,81,US,5.82,-118.45,Tehachapi,35.13,1580002694,2020-01-26 01:38:14
63.21,0,67,CL,5.7,-72.42,Constitucion,-35.33,1580002695,2020-01-26 01:38:15
69.8,90,100,BR,6.93,-44.31,Esmeraldas,-19.76,1580002696,2020-01-26 01:38:16
33.01,90,100,IT,5.82,10.7,Laas,46.62,1580002697,2020-01-26 01:38:17
84.99,40,74,PH,2.24,121.02,City of San Pedro,14.35,1580002698,2020-01-26 01:38:18
68.76,100,9,BF,10,-0.03,Dori,14.04,1580002699,2020-01-26 01:38:19
93.2,40,49,AU,9.17,150.47,Ulladulla,-35.35,1580002570,2020-01-26 01:36:10
67.3,100,94,TZ,2.62,35.85,Mto wa Mbu,-3.35,1580002702,2020-01-26 01:38:22
84.2,22,79,NU,9.17,-169.92,Alofi,-19.06,1580002703,2020-01-26 01:38:23
18.23,0,45,CN,5.37,101.77,Xining,36.62,1580002704,2020-01-26 01:38:24
50,90,93,US,9.17,-72.94,Middle Island,40.88,1580002705,2020-01-26 01:38:25
74.1,32,54,AU,10.18,135.87,Port Lincoln,-34.73,1580002706,2020-01-26 01:38:26
91.4,0,11,AU,14.99,130.99,Yulara,-25.24,1580002497,2020-01-26 01:34:57
77,75,94,GT,4.7,-91.92,Champerico,14.3,1580002708,2020-01-26 01:38:28
74.68,69,74,AO,12.53,12.15,Mossamedes,-15.2,1580002710,2020-01-26 01:38:30
57.87,100,57,MX,5.73,-101.98,Acuitzio,20.34,1580002711,2020-01-26 01:38:31
50.99,43,46,LY,9.4,21.29,Awjilah,29.11,1580002710,2020-01-26 01:38:30
79.38,85,79,PH,18.59,121.97,Basco,20.45,1580002713,2020-01-26 01:38:33
84.87,48,72,PG,11.7,150.8,Kavieng,-2.57,1580002555,2020-01-26 01:35:55
-3.3,0,91,RU,4.47,136.63,Solnechnyy,50.72,1580002640,2020-01-26 01:37:20
84.2,75,79,PW,12.75,134.26,Kloulklubed,7.04,1580002716,2020-01-26 01:38:36
13.77,29,93,RU,5.12,37.98,Lipin Bor,60.26,1580002717,2020-01-26 01:38:37
62.6,0,100,IN,4.18,85.85,Puri,19.8,1580002718,2020-01-26 01:38:38
62.82,0,72,ZW,4.34,28.58,Bulawayo,-20.15,1580002719,2020-01-26 01:38:39
79,75,78,AI,1.12,-63.06,The Valley,18.22,1580002621,2020-01-26 01:37:01
57.72,100,65,PT,8.63,-27.98,Lagoa,39.05,1580002533,2020-01-26 01:35:33
70.93,0,12,GH,2.04,-0.52,Salaga,8.55,1580002723,2020-01-26 01:38:43
43.92,0,62,IQ,6.24,44.97,Kifri,34.7,1580002724,2020-01-26 01:38:44
25.77,100,80,RU,12.77,38.45,Myshkin,57.79,1580002725,2020-01-26 01:38:45
24.8,40,68,RU,4.47,158.65,Petropavlovsk-Kamchatsky,53.05,1580002686,2020-01-26 01:38:06
61,40,55,ES,8.05,-16.68,Arona,28.1,1580002727,2020-01-26 01:38:47
32,0,63,IQ,1.12,44.01,Erbil,36.19,1580002604,2020-01-26 01:36:44
82,0,81,PH,5.01,124.29,Marawi,8,1580002647,2020-01-26 01:37:27
-20.51,99,93,RU,16.46,114.08,Saskylakh,71.92,1580002731,2020-01-26 01:38:51
39.2,0,93,SA,9.17,43.98,Buraidah,26.33,1580002732,2020-01-26 01:38:52
68.36,69,13,NG,5.23,8.57,Yaan,7.38,1580002733,2020-01-26 01:38:53
65.35,100,97,EC,1.77,-78.12,Macas,-2.32,1580002582,2020-01-26 01:36:22
35.01,90,100,DE,2.06,9.85,Langenburg,49.25,1580002735,2020-01-26 01:38:55
73.99,100,95,MZ,3.33,39.91,Angoche,-16.23,1580002736,2020-01-26 01:38:56
10.99,100,79,RU,1.01,57.26,Yayva,59.33,1580002737,2020-01-26 01:38:57
66.34,92,92,JM,2.55,-77.59,Bull Savanna,17.89,1580002738,2020-01-26 01:38:58
83.3,18,72,ID,5.1,122.88,Biak,-0.91,1580002739,2020-01-26 01:38:59
73.45,38,84,ZA,20.69,27.91,East London,-33.02,1580002606,2020-01-26 01:36:46
73.27,100,90,BR,5.39,-41.05,Sao Joao da Barra,-21.64,1580002560,2020-01-26 01:36:00
64.4,100,72,MR,20.8,-17.03,Nouadhibou,20.93,1580002743,2020-01-26 01:39:03
62.6,40,93,US,3.36,-122.43,Half Moon Bay,37.46,1580002744,2020-01-26 01:39:04
54,90,81,US,6.93,-122.68,Portland,45.52,1580002551,2020-01-26 01:35:51
-7.82,72,93,RU,1.48,114.88,Taksimo,56.34,1580002579,2020-01-26 01:36:19
66,1,87,US,8.05,-120.46,Lompoc,34.64,1580002678,2020-01-26 01:37:58
1.63,98,96,RU,5.53,87.98,Turukhansk,65.82,1580002748,2020-01-26 01:39:08
24.3,100,71,CN,1.88,80.26,Aksu,41.12,1580002556,2020-01-26 01:35:56
61.23,0,85,CL,7.78,-73.65,Lebu,-37.62,1580002751,2020-01-26 01:39:11
44.49,100,86,PE,2.86,-76.78,Llata,-9.42,1580002752,2020-01-26 01:39:12
-0.54,100,98,RU,4.05,62.84,Malinovskiy,61.2,1580002753,2020-01-26 01:39:13
78.01,3,61,NZ,21.92,174.78,Wellington,-41.29,1580002687,2020-01-26 01:38:07
55.99,90,100,US,4.7,-124.22,North Bend,43.41,1580002481,2020-01-26 01:34:41
80.6,73,78,CO,13.87,-72.44,Manaure,11.78,1580002756,2020-01-26 01:39:16
84.7,17,72,PG,8.59,155.63,Kieta,-6.22,1580002688,2020-01-26 01:38:08
75.2,40,100,LK,12.75,81.48,Wattegama,6.8,1580002758,2020-01-26 01:39:18
77,20,100,LR,1.86,-10.05,Buchanan,5.88,1580002760,2020-01-26 01:39:20
64.4,75,88,CL,6.93,-73.25,Valdivia,-39.81,1580002666,2020-01-26 01:37:46
34.16,100,80,KZ,14.83,52.8,Zhanaozen,43.3,1580002762,2020-01-26 01:39:22
27.09,98,97,CA,3.69,-110.27,Provost,52.35,1580002763,2020-01-26 01:39:23
10.22,100,87,RU,2.71,105.16,Zhigalovo,54.81,1580002764,2020-01-26 01:39:24
84.2,1,51,US,20.8,-156.47,Kahului,20.89,1580002765,2020-01-26 01:39:25
69.8,1,32,US,5.82,-114.6,Blythe,33.61,1580002563,2020-01-26 01:36:03
48.2,0,87,MA,1.12,-8.01,Marrakesh,31.63,1580002540,2020-01-26 01:35:40
81.54,40,84,BR,15.19,-35.1,Tamandare,-8.76,1580002635,2020-01-26 01:37:15
77,75,100,DO,7.16,-68.97,La Romana,18.43,1580002771,2020-01-26 01:39:31
78.51,0,45,UY,4.32,-57.97,Salto,-31.38,1580002772,2020-01-26 01:39:32
39.2,90,86,AX,10.29,19.93,Mariehamn,60.1,1580002773,2020-01-26 01:39:33
48.2,40,87,SA,4.7,42.51,Abha,18.22,1580002667,2020-01-26 01:37:47
66.06,0,72,CL,1.28,-70.76,Vallenar,-28.57,1580002775,2020-01-26 01:39:35
60.8,0,67,ES,8.05,-13.86,Puerto del Rosario,28.5,1580002776,2020-01-26 01:39:36
15.19,100,87,RU,21.16,159.23,Evensk,61.95,1580002576,2020-01-26 01:36:16
84.45,0,68,ID,5.91,124.89,Atambua,-9.11,1580002705,2020-01-26 01:38:25
83.07,100,57,VE,6.98,-67.43,Calabozo,8.92,1580002781,2020-01-26 01:39:41
60.19,0,78,UY,4.52,-54.33,Rocha,-34.48,1580002782,2020-01-26 01:39:42
87.44,100,58,ID,2.1,102.27,Bengkulu,-3.8,1580002783,2020-01-26 01:39:43
45,75,100,FR,6.93,-4.62,Plouzane,48.38,1580002784,2020-01-26 01:39:44
20.93,100,87,RU,13.47,108.35,Alekseyevsk,57.84,1580002785,2020-01-26 01:39:45
24.8,90,92,CA,4.7,-92.75,Dryden,49.78,1580002786,2020-01-26 01:39:46
77,40,78,MU,14.99,57.58,Grand Baie,-20.02,1580002787,2020-01-26 01:39:47
17.6,90,61,US,23.04,-152.41,Kodiak,57.79,1580002788,2020-01-26 01:39:48
75.9,100,94,BR,2.84,-39.27,Trairi,-3.28,1580002790,2020-01-26 01:39:50
35.04,100,74,NO,29.84,12.69,Sorland,67.67,1580002597,2020-01-26 01:36:37
59,1,50,US,10.29,-81.21,Seminole,28.71,1580002792,2020-01-26 01:39:52
77.38,1,81,ZA,26.22,32.04,Richards Bay,-28.78,1580002566,2020-01-26 01:36:06
87.8,66,66,AU,3.36,128.73,Kununurra,-15.77,1580002646,2020-01-26 01:37:26
18.07,94,87,KZ,12.55,67.25,Zhanakorgan,43.91,1580002796,2020-01-26 01:39:56
70.45,100,24,MR,9.01,-13.05,Atar,20.52,1580002644,2020-01-26 01:37:24
23.07,100,69,NO,27.11,29.09,Berlevag,70.86,1580002801,2020-01-26 01:40:01
74.73,100,94,BR,2.26,-57.72,Maues,-3.38,1580002802,2020-01-26 01:40:02
19.99,53,80,CA,8.99,-53.11,Bonavista,48.65,1580002804,2020-01-26 01:40:04
-32.06,80,89,RU,12.64,123.37,Zhigansk,66.77,1580002741,2020-01-26 01:39:01
9.9,100,55,MN,1.63,91.64,Khovd,48.01,1580002699,2020-01-26 01:38:19
2.03,93,82,RU,11.01,135.17,Litovko,49.24,1580002807,2020-01-26 01:40:07
34,90,100,US,5.82,-83.15,Troy,42.61,1580002560,2020-01-26 01:36:00
-8.48,87,94,RU,4.5,57.31,Vuktyl,63.86,1580002810,2020-01-26 01:40:10
50,75,100,PT,5.82,-8.16,Vila,42.03,1580002811,2020-01-26 01:40:11
78.8,40,74,VE,2.24,-72.22,San Cristobal,7.77,1580002812,2020-01-26 01:40:12
-3.91,100,89,RU,5.28,166.44,Bilibino,68.05,1580002813,2020-01-26 01:40:13
-27,5,60,CA,6.93,-68.51,Iqaluit,63.75,1580002591,2020-01-26 01:36:31
87.01,90,65,AU,6.93,153.4,Murwillumbah,-28.32,1580002815,2020-01-26 01:40:15
35.6,75,82,RU,11.18,40.11,Persianovskiy,47.51,1580002816,2020-01-26 01:40:16
77,40,78,MU,14.99,57.52,Souillac,-20.52,1580002712,2020-01-26 01:38:32
72.43,97,51,MM,5.73,97.72,Mudon,16.26,1580002818,2020-01-26 01:40:18
60.8,40,67,PT,3.36,-17.1,Ponta do Sol,32.67,1580002553,2020-01-26 01:35:53
77,90,100,AU,8.05,139.5,Mount Isa,-20.73,1580002821,2020-01-26 01:40:21
84.22,85,71,PG,6.04,147.27,Lorengau,-2.02,1580002822,2020-01-26 01:40:22
75.56,2,95,GA,1.48,9.26,Omboue,-1.57,1580002717,2020-01-26 01:38:37
57.2,90,100,CL,14.99,-68.93,Calama,-22.47,1580002824,2020-01-26 01:40:24
86,75,66,PH,4.7,120.69,San Fernando,15.03,1580002825,2020-01-26 01:40:25
48.2,90,93,US,20.8,-70.1,Nantucket,41.28,1580002673,2020-01-26 01:37:53
78.01,31,61,NZ,21.92,175.52,Waipawa,-41.41,1580002827,2020-01-26 01:40:27
70.63,87,75,CV,13.87,-23.51,Praia,14.92,1580002828,2020-01-26 01:40:28
-27.4,1,67,CA,10.29,-68.59,Clyde River,70.47,1580002595,2020-01-26 01:36:35
54.21,99,74,PT,5.59,-28.7,Ribeira Grande,38.52,1580002831,2020-01-26 01:40:31
102.2,0,18,AU,10.29,118.57,Port Hedland,-20.32,1580002832,2020-01-26 01:40:32
21.56,100,92,RU,8.86,103.75,Rudnogorsk,57.26,1580002833,2020-01-26 01:40:33
53.6,75,71,JP,16.11,128.84,Fukuecho,32.69,1580002834,2020-01-26 01:40:34
64.4,0,88,CL,8.05,-71.34,Coquimbo,-29.95,1580002835,2020-01-26 01:40:35
55.4,1,43,US,0.96,-113.58,Saint George,37.1,1580002642,2020-01-26 01:37:22
60.8,40,29,MX,5.82,-106,Chihuahua,28.5,1580002719,2020-01-26 01:38:39
34,75,67,JP,3.36,140.57,Yokote,39.3,1580002838,2020-01-26 01:40:38
77.36,63,87,CO,2.37,-67.92,Inirida,3.87,1580002840,2020-01-26 01:40:40
45,100,95,NO,1.99,11.24,Rorvik,64.86,1580002841,2020-01-26 01:40:41
76.62,100,84,BO,2.28,-65.36,Guayaramerin,-10.84,1580002842,2020-01-26 01:40:42
-13.47,0,77,RU,3.15,-171,Lavrentiya,65.58,1580002610,2020-01-26 01:36:50
4.46,100,96,RU,4.54,47.5,Kharitonovo,61.4,1580002844,2020-01-26 01:40:44
39.99,1,80,US,5.59,-86.21,Albertville,34.27,1580002660,2020-01-26 01:37:40
42.15,0,74,SY,8.81,40.92,Abu Kamal,34.45,1580002846,2020-01-26 01:40:46
22.37,100,95,KZ,10.6,80.44,Ayagoz,47.97,1580002847,2020-01-26 01:40:47
78.8,75,94,BR,9.17,-35.74,Maceio,-9.67,1580002848,2020-01-26 01:40:48
80.6,40,78,CO,13.87,-74.91,Calamar,10.25,1580002851,2020-01-26 01:40:51
31.53,89,90,UA,11.59,37.69,Dvorichna,49.85,1580002852,2020-01-26 01:40:52
38.97,82,86,IS,16.04,-15.21,Hofn,64.25,1580002794,2020-01-26 01:39:54
76.73,87,82,ID,3.02,100.63,Payakumbuh,-0.22,1580002854,2020-01-26 01:40:54
76.86,40,57,VE,3.2,-68.58,San Carlos,9.66,1580002855,2020-01-26 01:40:55
-25.98,100,91,RU,5.64,150.85,Zyryanka,65.75,1580002856,2020-01-26 01:40:56
69.8,40,83,MX,9.17,-103.8,Coquimatlan,19.2,1580002857,2020-01-26 01:40:57
84.2,75,74,AU,16.11,136.77,Nhulunbuy,-12.23,1580002858,2020-01-26 01:40:58
85.08,69,67,PG,4.65,148.25,Popondetta,-8.75,1580002860,2020-01-26 01:41:00
30.4,0,66,TM,2.42,55.52,Bereket,39.24,1580002861,2020-01-26 01:41:01
34,90,86,US,14.99,-82.98,Clyde,41.3,1580002863,2020-01-26 01:41:03
91.4,0,11,AU,16.11,133.88,Alice Springs,-23.7,1580002864,2020-01-26 01:41:04
-24.92,100,98,RU,3.42,146.42,Belaya Gora,68.53,1580002654,2020-01-26 01:37:34
28.4,51,79,TM,13.87,59.38,Akdepe,42.06,1580002866,2020-01-26 01:41:06
15.8,90,78,RU,13.42,177.48,Anadyr,64.75,1580002867,2020-01-26 01:41:07
55.08,59,59,LY,17.94,20.07,Benghazi,32.12,1580002868,2020-01-26 01:41:08
-11.83,100,72,RU,15.93,143.3,Okhotsk,59.38,1580002870,2020-01-26 01:41:10
73.4,75,78,RE,9.17,55.48,Saint-Pierre,-21.34,1580002788,2020-01-26 01:39:48
67.77,0,83,CL,1.72,-70.48,Taltal,-25.4,1580002872,2020-01-26 01:41:12
41,40,65,CA,6.93,-127.17,Smithers,54.78,1580002663,2020-01-26 01:37:43
39.99,75,93,PL,9.17,19.41,Elblag,54.15,1580002874,2020-01-26 01:41:14
41,75,38,US,9.17,-108.5,Billings,45.78,1580002720,2020-01-26 01:38:40
64.71,89,87,ZA,22.73,24.73,Kruisfontein,-34,1580002591,2020-01-26 01:36:31
76.82,26,96,LR,0.87,-7.72,Harper,4.38,1580002657,2020-01-26 01:37:37
72.55,100,99,GF,2.19,-52.32,Camopi,3.17,1580002878,2020-01-26 01:41:18
83.05,26,74,PF,10.67,-151.02,Fare,-16.7,1580002641,2020-01-26 01:37:21
14.97,100,85,RU,12.57,96.37,Baykit,61.67,1580002685,2020-01-26 01:38:05
12.2,75,85,CA,2.24,-63.6,Havre-Saint-Pierre,50.23,1580002882,2020-01-26 01:41:22
58.95,0,39,IN,3.13,80.05,Barela,23.1,1580002883,2020-01-26 01:41:23
46.99,100,93,FR,2.86,-0.52,Lormont,44.88,1580002884,2020-01-26 01:41:24
71.44,0,60,BW,6.71,26.81,Mahalapye,-23.1,1580002885,2020-01-26 01:41:25
34,90,86,US,9.17,-87.69,Evanston,42.04,1580002605,2020-01-26 01:36:45
59,37,41,TD,5.03,18.39,Sarh,9.14,1580002887,2020-01-26 01:41:27
83.3,63,75,VU,10.25,167.55,Sola,-13.88,1580002879,2020-01-26 01:41:19
84.2,40,65,AU,14.99,153.57,Ballina,-28.87,1580002890,2020-01-26 01:41:30
28.99,90,86,RO,1.41,24.05,Taga,46.95,1580002891,2020-01-26 01:41:31
67.66,88,98,BR,2.24,-41.06,Laranja da Terra,-19.9,1580002892,2020-01-26 01:41:32
59,75,100,CN,6.71,116.77,Chenghai,23.46,1580002893,2020-01-26 01:41:33
81.34,0,81,PH,14.56,125.29,Anito,12.45,1580002894,2020-01-26 01:41:34
5.86,71,86,RU,1.32,110.3,Kurumkan,54.3,1580002895,2020-01-26 01:41:35
-8.91,19,92,RU,4.36,127.7,Shimanovsk,52,1580002828,2020-01-26 01:40:28
11.79,0,62,CN,1.41,93.45,Kumul,42.8,1580002667,2020-01-26 01:37:47
71.6,75,94,BR,4.7,-40.29,Vila Velha,-20.33,1580002616,2020-01-26 01:36:56
23,90,92,CA,6.93,-105.28,La Ronge,55.1,1580002900,2020-01-26 01:41:40
21.2,90,92,CA,4.7,-94.43,Kenora,49.82,1580002693,2020-01-26 01:38:13
80.98,100,64,IN,2.28,72.64,Kavaratti,10.57,1580002883,2020-01-26 01:41:23
80.6,75,83,BR,10.29,-39.06,Porto Seguro,-16.45,1580002904,2020-01-26 01:41:44
78.46,100,84,BR,4.12,-43.34,Corrente,-3.74,1580002905,2020-01-26 01:41:45
77.05,93,87,ID,1.16,100.35,Padang,-0.95,1580002660,2020-01-26 01:37:40
32,3,85,RU,11.01,42.77,Kamenka,51.32,1580002907,2020-01-26 01:41:47
43,100,86,FR,2.24,4.06,Gueugnon,46.6,1580002908,2020-01-26 01:41:48
78.8,75,94,BR,9.17,-35.96,Pilar,-9.6,1580002911,2020-01-26 01:41:51
34,90,96,US,3.36,-87.06,Escanaba,45.75,1580002776,2020-01-26 01:39:36
46.99,90,100,GB,11.41,-3,Newport,51.59,1580002836,2020-01-26 01:40:36
21.2,43,67,NO,27.51,29.75,Vadso,70.07,1580002914,2020-01-26 01:41:54
17.47,100,90,KZ,27.81,66.32,Derzhavinsk,51.1,1580002915,2020-01-26 01:41:55
36,90,93,US,10.29,-80.77,Ashtabula,41.7,1580002708,2020-01-26 01:38:28
42.8,1,52,US,3.49,-113.06,Cedar City,37.68,1580002640,2020-01-26 01:37:20
50,1,87,US,4.99,-85.39,Dothan,31.22,1580002815,2020-01-26 01:40:15
33.1,0,77,IR,10.51,47.42,Abdanan,32.99,1580002697,2020-01-26 01:38:17
24.8,90,85,CA,4.7,-91.92,Sioux Lookout,50.1,1580002871,2020-01-26 01:41:11
41.49,0,71,IQ,8.68,41.91,Rawah,34.48,1580002922,2020-01-26 01:42:02
77.27,38,74,BR,1.88,-69.87,Eirunepe,-6.66,1580002923,2020-01-26 01:42:03
62.6,20,88,CL,5.82,-71.63,Valparaiso,-33.04,1580002924,2020-01-26 01:42:04
23.81,100,97,KZ,7.14,84.87,Zaysan,47.47,1580002925,2020-01-26 01:42:05
87.71,74,64,ID,1.79,108.9,Sungairaya,0.7,1580002927,2020-01-26 01:42:07
80.6,96,74,VE,1.12,-66.54,Guatire,10.48,1580002928,2020-01-26 01:42:08
46.4,90,100,US,3.36,-72.33,Palmer,42.16,1580002929,2020-01-26 01:42:09
41.05,35,96,ES,4.09,-4.83,Talavera de la Reina,39.96,1580002930,2020-01-26 01:42:10
82.4,75,74,US,10.29,-157.84,'Ahuimanu,21.44,1580002932,2020-01-26 01:42:12
78.33,73,74,VN,3.83,109.23,Qui Nhon,13.77,1580002752,2020-01-26 01:39:12
62.89,0,38,IN,0.18,92.97,Saiha,22.48,1580002935,2020-01-26 01:42:15
21.2,75,57,JP,17.22,141.82,Makubetsu,45.37,1580002936,2020-01-26 01:42:16
16.11,75,95,FI,4.16,30.02,Lieksa,63.32,1580002937,2020-01-26 01:42:17
63.28,0,55,IN,3.38,90.22,Tura,25.52,1580002938,2020-01-26 01:42:18
66,100,99,AO,4.16,16.34,Malanje,-9.54,1580002939,2020-01-26 01:42:19
44.01,75,64,JP,3.36,140.88,Iwaki,37.05,1580002941,2020-01-26 01:42:21
59,37,41,TD,5.03,18.35,Kibala,9.11,1580002942,2020-01-26 01:42:22
63.91,0,40,MM,1.66,97.03,Taunggyi,20.78,1580002943,2020-01-26 01:42:23
90.16,79,58,ID,3.76,131.25,Sorong,-0.88,1580002944,2020-01-26 01:42:24
-35.7,0,92,RU,4.83,127.47,Sangar,63.92,1580002945,2020-01-26 01:42:25
62.6,12,72,ZA,9.17,20.44,Swellendam,-34.02,1580002947,2020-01-26 01:42:27
14.74,100,85,RU,5.86,179.32,Beringovskiy,63.05,1580002948,2020-01-26 01:42:28
77.2,31,77,DO,6.35,-71.1,Santa Cruz de Barahona,18.21,1580002950,2020-01-26 01:42:30
57.99,93,86,CN,4,115.83,Jieshi,22.81,1580002951,2020-01-26 01:42:31
77,90,95,BR,4.54,-39.92,Itarema,-2.92,1580002657,2020-01-26 01:37:37
32,90,92,US,8.05,-96.67,Lincoln,40.8,1580002954,2020-01-26 01:42:34
33.01,90,92,CA,2.24,-108.28,North Battleford,52.78,1580002955,2020-01-26 01:42:35
27,90,92,US,5.82,-107.55,Craig,40.52,1580002956,2020-01-26 01:42:36
17.6,40,78,RU,17.9,87,Zelenogorskiy,55.03,1580002957,2020-01-26 01:42:37
33.01,74,92,SK,2.24,18.4,Zlate Moravce,48.39,1580002958,2020-01-26 01:42:38
46,100,93,NO,23.04,6.13,Roald,62.58,1580002680,2020-01-26 01:38:00
75.2,90,88,JP,13.87,127.87,Gushikawa,26.35,1580002961,2020-01-26 01:42:41
39.2,1,86,KR,1.12,127.44,Ichon,37.28,1580002962,2020-01-26 01:42:42
84.58,3,77,SB,7.16,161.92,Kirakira,-10.45,1580002871,2020-01-26 01:41:11
-3.03,88,87,IN,3.11,76.1,Kargil,34.57,1580002964,2020-01-26 01:42:44
-23.49,100,92,RU,2.33,153.68,Srednekolymsk,67.45,1580002965,2020-01-26 01:42:45
24.8,74,79,TR,4.7,30.29,Burdur,37.72,1580002966,2020-01-26 01:42:46
8.6,40,84,KZ,24.61,72.7,Novodolinskiy,49.7,1580002967,2020-01-26 01:42:47
71.6,75,88,JP,12.75,129.48,Naze,28.37,1580002969,2020-01-26 01:42:49
30.99,90,100,HU,4.7,19.51,Tazlar,46.55,1580002970,2020-01-26 01:42:50
46.4,40,93,PT,6.93,-8.62,Barcelos,41.54,1580002971,2020-01-26 01:42:51
-27.4,100,74,RU,6.71,112.4,Udachny,66.42,1580002706,2020-01-26 01:38:26
73.44,50,92,BR,12.44,-38.38,Cicero Dantas,-10.6,1580002973,2020-01-26 01:42:53
-9.17,78,100,RU,4.23,74.49,Pangody,65.85,1580002974,2020-01-26 01:42:54
30.99,0,99,PT,3.27,-7.31,Valpacos,41.61,1580002975,2020-01-26 01:42:55
53.01,90,93,CN,15.66,120.95,Kunshan,31.38,1580002976,2020-01-26 01:42:56
77,0,61,AR,3.36,-64.35,Rio Cuarto,-33.13,1580002978,2020-01-26 01:42:58
35.56,100,94,AF,3.2,68.86,Kunduz,36.73,1580002979,2020-01-26 01:42:59
-4,0,77,AF,1.88,67.02,Panjab,34.39,1580002980,2020-01-26 01:43:00
51.8,5,93,IT,5.82,9.5,Gairo,39.85,1580002981,2020-01-26 01:43:01
77,75,78,OM,4.7,54.09,Salalah,17.02,1580002983,2020-01-26 01:43:03
62.6,1,67,US,3.36,-81.44,LaBelle,26.76,1580002800,2020-01-26 01:40:00
43.03,42,86,BO,8.12,-67.13,Colquiri,-17.42,1580002985,2020-01-26 01:43:05
28.29,0,87,RU,8.43,31.9,Sobolevo,54.43,1580002986,2020-01-26 01:43:06
69.51,55,11,ML,8.19,-7.75,Koulikoro,14,1580002988,2020-01-26 01:43:08
59.59,88,18,SS,6.71,25.68,Raja,8.46,1580002989,2020-01-26 01:43:09
74.75,59,71,IN,3.18,84.05,Narasannapeta,18.42,1580002990,2020-01-26 01:43:10
20.5,100,93,RU,4.63,90.91,Beya,53.05,1580002991,2020-01-26 01:43:11
77,40,88,VC,9.55,-61.18,Dovers,12.88,1580002992,2020-01-26 01:43:12
84,5,57,NZ,8.99,173.78,Kaeo,-35.1,1580002993,2020-01-26 01:43:13
14,89,66,GL,3.36,-46.03,Qaqortoq,60.72,1580002994,2020-01-26 01:43:14
65.08,0,42,MM,6.67,95.1,Pakokku,21.33,1580002995,2020-01-26 01:43:15
33.8,20,86,IR,11.41,59.22,Birjand,32.87,1580002996,2020-01-26 01:43:16
2.26,100,78,RU,18.34,150.8,Magadan,59.57,1580002999,2020-01-26 01:43:19
51.8,75,87,JP,6.93,134.15,Muroto,33.28,1580003000,2020-01-26 01:43:20
52,93,93,GR,2.24,21.7,Methoni,36.82,1580003001,2020-01-26 01:43:21
39.52,100,59,CN,11.99,115.77,Bozhou,33.88,1580003002,2020-01-26 01:43:22
17.6,20,48,JP,6.93,145.57,Nemuro,43.32,1580002920,2020-01-26 01:42:00
-9.47,100,100,RU,6.96,53.15,Iskateley,67.68,1580003004,2020-01-26 01:43:24
-3.1,100,88,RU,15.46,151.28,Ola,59.58,1580003005,2020-01-26 01:43:25
58.53,51,56,LY,18.23,20.23,Ajdabiya,30.76,1580003006,2020-01-26 01:43:26
80.6,40,88,ID,2.89,109.33,Pontianak,-0.03,1580002901,2020-01-26 01:41:41
-2.2,87,84,RU,4.47,77.59,Strezhevoy,60.73,1580003010,2020-01-26 01:43:30
78.84,68,85,PH,8.61,122.71,Luklukan,14.33,1580003011,2020-01-26 01:43:31
39.99,90,93,ES,3.36,-5,Avila,40.58,1580003012,2020-01-26 01:43:32
75.2,20,68,CU,8.05,-75.82,Santiago de Cuba,20.02,1580003013,2020-01-26 01:43:33
60.4,100,91,MG,3.85,46.8,Ambatofinandrahana,-20.55,1580003014,2020-01-26 01:43:34
80.6,20,74,MX,1.9,-97.07,Puerto Escondido,15.85,1580003015,2020-01-26 01:43:35
37.26,97,85,CN,5.28,110,Hongjiang,27.11,1580003019,2020-01-26 01:43:39
50,75,61,KR,8.05,129.21,Gijang,35.24,1580003020,2020-01-26 01:43:40
35.49,100,100,NO,24.58,12.38,Snaase,64.25,1580003021,2020-01-26 01:43:41
78.8,20,88,MX,3.36,-92.42,Puerto Madero,14.72,1580003022,2020-01-26 01:43:42
29.73,45,83,RU,7.29,31.12,Poddorye,57.47,1580003023,2020-01-26 01:43:43
17.6,75,92,NO,3.36,18.96,Tromso,69.65,1580003024,2020-01-26 01:43:44
84,20,83,MY,2.24,103.39,Pontian Kecil,1.48,1580003025,2020-01-26 01:43:45
25.14,12,77,UA,6.06,24.47,Bytkiv,48.63,1580003027,2020-01-26 01:43:47
20.79,100,93,RU,10.89,114.93,Lensk,60.73,1580003028,2020-01-26 01:43:48
79.86,34,88,PH,9.69,121.01,Suba,10.84,1580003029,2020-01-26 01:43:49
-54.4,90,55,RU,2.24,130.28,Mayya,61.73,1580003030,2020-01-26 01:43:50
83.3,18,72,ID,5.1,122.79,Luwuk,-0.95,1580003031,2020-01-26 01:43:51
90.91,76,24,AR,15.93,-68.54,San Juan,-31.54,1580002827,2020-01-26 01:40:27
66.15,0,43,MM,2.13,96.15,Yamethin,20.43,1580003033,2020-01-26 01:43:53
58.33,98,17,LY,7.72,10.85,Nalut,30.33,1580003034,2020-01-26 01:43:54
75.99,20,83,MX,5.82,-86.95,Cozumel,20.51,1580003035,2020-01-26 01:43:55
36,97,86,RU,18.01,43.24,Mikhaylovka,50.06,1580003037,2020-01-26 01:43:57
30.99,40,79,RU,4.47,30.82,Otradnoye,59.78,1580002831,2020-01-26 01:40:31
62.89,100,86,CN,11.99,110.4,Wanning,18.8,1580003039,2020-01-26 01:43:59
66.2,90,100,TW,8.05,120.31,Kaohsiung,22.62,1580002754,2020-01-26 01:39:14
57.2,75,93,CN,6.71,119.2,Jiangkou,25.49,1580003042,2020-01-26 01:44:02
72.57,100,95,BR,1.21,-51.99,Sao Felix do Xingu,-6.64,1580003043,2020-01-26 01:44:03
46.4,100,87,GB,17.22,-1.35,Brae,60.4,1580003044,2020-01-26 01:44:04
45.48,24,89,BO,5.48,-67.92,Patacamaya,-17.23,1580003045,2020-01-26 01:44:05
66.29,100,95,TZ,3.31,31.04,Nguruka,-5.11,1580003047,2020-01-26 01:44:07
-40.94,62,100,RU,0.72,139.9,Deputatsky,69.3,1580003048,2020-01-26 01:44:08
5.97,100,92,RU,14.52,76.75,Vengerovo,55.68,1580003049,2020-01-26 01:44:09
75.22,61,61,IN,2.53,82.55,Tuni,17.35,1580003050,2020-01-26 01:44:10
48.99,90,87,US,17.22,-73.47,Plainview,40.78,1580003051,2020-01-26 01:44:11
12.2,90,92,CA,3.36,-115.8,Hay River,60.82,1580003052,2020-01-26 01:44:12
-0.13,10,95,RU,4.72,30.48,Kovdor,67.57,1580003053,2020-01-26 01:44:13
84.76,79,74,PG,4.03,150.67,Samarai,-10.62,1580002774,2020-01-26 01:39:34
-4.25,99,98,RU,7.34,67.41,Kondinskoye,59.65,1580003056,2020-01-26 01:44:16
40.23,92,78,CN,5.99,110.1,Luyang,27.62,1580003057,2020-01-26 01:44:17
83.89,0,73,SB,4.07,160.7,Auki,-8.77,1580003058,2020-01-26 01:44:18
37.4,90,93,NL,8.05,6.75,Provincie Groningen,53.25,1580002982,2020-01-26 01:43:02
31.57,83,84,RU,9.6,27.81,Gdov,58.74,1580003060,2020-01-26 01:44:20
81.01,2,84,PH,9.1,125.48,Alugan,12.22,1580003061,2020-01-26 01:44:21
62.6,90,72,US,9.17,-97.74,Gatesville,31.44,1580003062,2020-01-26 01:44:22
48.15,37,49,BO,5.77,-66.23,Atocha,-20.93,1580003063,2020-01-26 01:44:23
84.2,75,89,MY,4.7,114.01,Marabu,4.41,1580003065,2020-01-26 01:44:25
66.99,43,30,CF,6.13,22.56,Ouango,4.31,1580003067,2020-01-26 01:44:27
15.75,0,73,GE,4.92,43.44,Oni,42.58,1580003069,2020-01-26 01:44:29
63.91,100,97,AO,2.24,17.48,Camacupa,-12.02,1580003070,2020-01-26 01:44:30
